{
  "run_id": "ga_sca_20260114_112452",
  "steps": 20,
  "battery_wh_end": 4999.205775183026,
  "baseline": "ga_sca",
  "totals": {
    "E_total": 2859.2093410992456,
    "E_mov": 1579.6650985137474,
    "E_tr": 150.33891165936063,
    "E_comp": 1129.2053309261375,
    "D_total": 2126964879.0230854,
    "D_tr": 150.33891165936063,
    "D_comp": 1176.2555530480597,
    "D_q": 1052.42962402856,
    "D_uavq": 2126962499.998997,
    "S": 2126965450.8649538,
    "viol_speed": 0,
    "viol_alt": 0,
    "viol_battery": 0,
    "viol_obstacle": 0,
    "viol_att": 0,
    "viol_angrate": 0,
    "viol_rotor": 0
  }
}