{
  "run_id": "acs_ds_20260114_121641",
  "steps": 30,
  "battery_wh_end": 4998.955732532562,
  "baseline": "acs_ds",
  "totals": {
    "E_total": 3759.362882784585,
    "E_mov": 1872.2724072671303,
    "E_tr": 99.84211381319716,
    "E_comp": 1787.2483617042585,
    "D_total": 3471855184.2666574,
    "D_tr": 190.11489996863952,
    "D_comp": 1980.8183984003408,
    "D_q": 7740.128688368949,
    "D_uavq": 3471845273.204671,
    "S": 3471855936.139234,
    "viol_speed": 0,
    "viol_alt": 0,
    "viol_battery": 0,
    "viol_obstacle": 0,
    "viol_att": 0,
    "viol_angrate": 0,
    "viol_rotor": 0
  }
}