{
  "run_id": "acs_20260115_221124",
  "steps": 600,
  "battery_wh_end": 4978.089122573707,
  "baseline": "acs",
  "totals": {
    "E_total": 78879.15873470738,
    "E_mov": 39215.6536529669,
    "E_tr": 5312.439338561693,
    "E_comp": 34351.065743178835,
    "D_total": 66672247744.25072,
    "D_tr": 5312.439338561693,
    "D_comp": 35782.36014914462,
    "D_q": 111076.92115595593,
    "D_uavq": 66672095572.53018,
    "S": 66672263520.08255,
    "viol_speed": 0,
    "viol_alt": 0,
    "viol_battery": 0,
    "viol_obstacle": 0,
    "viol_att": 0,
    "viol_angrate": 0,
    "viol_rotor": 0
  }
}