{
  "run_id": "acs_20260114_113237",
  "steps": 30,
  "battery_wh_end": 4982.6611601842915,
  "baseline": "acs",
  "totals": {
    "E_total": 62419.82333654397,
    "E_mov": 60493.73113057391,
    "E_tr": 225.1821894579148,
    "E_comp": 1700.9100165121388,
    "D_total": 3253788954.2273917,
    "D_tr": 225.1821894579148,
    "D_comp": 1771.781267200144,
    "D_q": 3301.555935327161,
    "D_uavq": 3253783655.708001,
    "S": 3253801438.1920586,
    "viol_speed": 0,
    "viol_alt": 0,
    "viol_battery": 0,
    "viol_obstacle": 1,
    "viol_att": 19,
    "viol_angrate": 19,
    "viol_rotor": 30
  }
}