{
  "run_id": "acs_ds_20260114_122747",
  "steps": 60,
  "battery_wh_end": 4996.967423830137,
  "baseline": "acs_ds",
  "totals": {
    "E_total": 10917.27421151611,
    "E_mov": 8057.495092844227,
    "E_tr": 210.2903014237823,
    "E_comp": 2649.4888172481,
    "D_total": 654945.0576030831,
    "D_tr": 210.2903014237823,
    "D_comp": 5347.143190108246,
    "D_q": 179.02061854634744,
    "D_uavq": 649208.6034930049,
    "S": 657128.5124453864,
    "viol_speed": 0,
    "viol_alt": 0,
    "viol_battery": 0,
    "viol_obstacle": 0,
    "viol_att": 0,
    "viol_angrate": 0,
    "viol_rotor": 0
  }
}