{
  "run_id": "acs_ds_20260114_122312",
  "steps": 30,
  "battery_wh_end": 4998.971649729366,
  "baseline": "acs_ds",
  "totals": {
    "E_total": 3702.0609742818124,
    "E_mov": 1872.2724072671303,
    "E_tr": 78.55888264278158,
    "E_comp": 1751.2296843719007,
    "D_total": 302604.84369041986,
    "D_tr": 150.9002018728177,
    "D_comp": 2170.908272287381,
    "D_q": 121.72240746120127,
    "D_uavq": 300161.31280879845,
    "S": 303345.25588527624,
    "viol_speed": 0,
    "viol_alt": 0,
    "viol_battery": 0,
    "viol_obstacle": 0,
    "viol_att": 0,
    "viol_angrate": 0,
    "viol_rotor": 0
  }
}