{
  "run_id": "acs_20260114_123805",
  "steps": 200,
  "battery_wh_end": 4889.728247696794,
  "baseline": "acs",
  "totals": {
    "E_total": 396978.30829154217,
    "E_mov": 383775.8938113655,
    "E_tr": 1752.976565597405,
    "E_comp": 11449.437914579541,
    "D_total": 22360959534.045715,
    "D_tr": 1752.976565597405,
    "D_comp": 11926.497827687015,
    "D_q": 32825.37998327661,
    "D_uavq": 22360913029.19133,
    "S": 22361038929.707363,
    "viol_speed": 129,
    "viol_alt": 0,
    "viol_battery": 0,
    "viol_obstacle": 0,
    "viol_att": 0,
    "viol_angrate": 0,
    "viol_rotor": 23
  }
}