{
  "run_id": "td3_20260114_112500",
  "steps": 20,
  "battery_wh_end": 4999.200221323223,
  "baseline": "td3",
  "totals": {
    "E_total": 2879.203236389794,
    "E_mov": 1599.8376825081157,
    "E_tr": 150.16022295554103,
    "E_comp": 1129.2053309261375,
    "D_total": 2126965202.5814228,
    "D_tr": 150.16022295554103,
    "D_comp": 1176.2555530480597,
    "D_q": 1376.1666498450893,
    "D_uavq": 2126962499.998997,
    "S": 2126965778.4220695,
    "viol_speed": 0,
    "viol_alt": 0,
    "viol_battery": 0,
    "viol_obstacle": 0,
    "viol_att": 0,
    "viol_angrate": 0,
    "viol_rotor": 0
  }
}