{
  "run_id": "td3_20260114_102223",
  "steps": 20,
  "battery_wh_end": 4999.201402510016,
  "baseline": "td3",
  "totals": {
    "E_total": 2874.950963938846,
    "E_mov": 1599.6801624678287,
    "E_tr": 146.06547054488038,
    "E_comp": 1129.2053309261375,
    "D_total": 2126966857.0288744,
    "D_tr": 146.06547054488038,
    "D_comp": 1176.2555530480597,
    "D_q": 3034.7088536397273,
    "D_uavq": 2126962499.998997,
    "S": 2126967432.0190668,
    "viol_speed": 0,
    "viol_alt": 0,
    "viol_battery": 0,
    "viol_obstacle": 0,
    "viol_att": 0,
    "viol_angrate": 0,
    "viol_rotor": 0
  }
}