{
  "run_id": "acs_ds_20260114_123506",
  "steps": 300,
  "battery_wh_end": 4973.736567602077,
  "baseline": "acs_ds",
  "totals": {
    "E_total": 94548.35663254795,
    "E_mov": 74699.14298595946,
    "E_tr": 2618.238018865493,
    "E_comp": 17230.975627723015,
    "D_total": 33464875153.864788,
    "D_tr": 2618.238018865493,
    "D_comp": 17948.932945544824,
    "D_q": 44024.43438737398,
    "D_uavq": 33464810562.259445,
    "S": 33464894063.536125,
    "viol_speed": 0,
    "viol_alt": 0,
    "viol_battery": 0,
    "viol_obstacle": 0,
    "viol_att": 0,
    "viol_angrate": 0,
    "viol_rotor": 0
  }
}