{
  "run_id": "cps_aco_20260114_102209",
  "steps": 20,
  "battery_wh_end": 4999.329908060057,
  "baseline": "cps_aco",
  "totals": {
    "E_total": 2412.3309837908296,
    "E_mov": 1136.9319648503176,
    "E_tr": 146.19368801437435,
    "E_comp": 1129.2053309261375,
    "D_total": 2126964937.7291205,
    "D_tr": 146.19368801437435,
    "D_comp": 1176.2555530480597,
    "D_q": 1115.2808825678253,
    "D_uavq": 2126962499.998997,
    "S": 2126965420.195317,
    "viol_speed": 0,
    "viol_alt": 0,
    "viol_battery": 0,
    "viol_obstacle": 0,
    "viol_att": 0,
    "viol_angrate": 0,
    "viol_rotor": 0
  }
}