{
  "run_id": "acs_20260114_102129",
  "steps": 20,
  "battery_wh_end": 4999.285731291183,
  "baseline": "acs",
  "totals": {
    "E_total": 2571.367351745142,
    "E_mov": 1296.027791439887,
    "E_tr": 146.13422937911704,
    "E_comp": 1129.2053309261375,
    "D_total": 2126965906.7931504,
    "D_tr": 146.13422937911704,
    "D_comp": 1176.2555530480597,
    "D_q": 2084.404371659779,
    "D_uavq": 2126962499.998997,
    "S": 2126966421.0666213,
    "viol_speed": 0,
    "viol_alt": 0,
    "viol_battery": 0,
    "viol_obstacle": 0,
    "viol_att": 0,
    "viol_angrate": 0,
    "viol_rotor": 0
  }
}