{
  "run_id": "acs_ds_20260114_102130",
  "steps": 20,
  "battery_wh_end": 4999.270870371283,
  "baseline": "acs_ds",
  "totals": {
    "E_total": 2624.8666633720336,
    "E_mov": 1349.4394451606854,
    "E_tr": 146.22188728520985,
    "E_comp": 1129.2053309261375,
    "D_total": 2126964917.584142,
    "D_tr": 146.22188728520985,
    "D_comp": 1176.2555530480597,
    "D_q": 1095.107704711296,
    "D_uavq": 2126962499.998997,
    "S": 2126965442.5574741,
    "viol_speed": 0,
    "viol_alt": 0,
    "viol_battery": 0,
    "viol_obstacle": 0,
    "viol_att": 0,
    "viol_angrate": 0,
    "viol_rotor": 0
  }
}