{
  "run_id": "acs_20260114_112533",
  "steps": 30,
  "battery_wh_end": 4984.723849116181,
  "baseline": "acs",
  "totals": {
    "E_total": 54994.14318175603,
    "E_mov": 53068.418095010784,
    "E_tr": 224.8150702331287,
    "E_comp": 1700.9100165121388,
    "D_total": 3253790752.468108,
    "D_tr": 224.8150702331287,
    "D_comp": 1771.781267200144,
    "D_q": 5100.163771176116,
    "D_uavq": 3253783655.708001,
    "S": 3253801751.296744,
    "viol_speed": 6,
    "viol_alt": 0,
    "viol_battery": 0,
    "viol_obstacle": 1,
    "viol_att": 25,
    "viol_angrate": 7,
    "viol_rotor": 30
  }
}