{
  "run_id": "acs_ds_20260114_122045",
  "steps": 60,
  "battery_wh_end": 4996.713505812278,
  "baseline": "acs_ds",
  "totals": {
    "E_total": 11831.379075793266,
    "E_mov": 8057.495092844227,
    "E_tr": 447.00371699480377,
    "E_comp": 3326.880265954232,
    "D_total": 3008929.4194567977,
    "D_tr": 447.00371699480377,
    "D_comp": 3465.5002770356577,
    "D_q": 1612.547881167373,
    "D_uavq": 3003404.3675816017,
    "S": 3011295.695271957,
    "viol_speed": 0,
    "viol_alt": 0,
    "viol_battery": 0,
    "viol_obstacle": 0,
    "viol_att": 0,
    "viol_angrate": 0,
    "viol_rotor": 0
  }
}