{
  "run_id": "acs_20260115_225118",
  "steps": 600,
  "battery_wh_end": 4978.3633640215485,
  "baseline": "acs",
  "totals": {
    "E_total": 77891.88952240141,
    "E_mov": 38212.929877487324,
    "E_tr": 5327.8939017353605,
    "E_comp": 34351.065743178835,
    "D_total": 66672227490.44446,
    "D_tr": 5327.8939017353605,
    "D_comp": 35782.36014914462,
    "D_q": 90807.66025974152,
    "D_uavq": 66672095572.53018,
    "S": 66672243068.822464,
    "viol_speed": 0,
    "viol_alt": 0,
    "viol_battery": 0,
    "viol_obstacle": 0,
    "viol_att": 0,
    "viol_angrate": 0,
    "viol_rotor": 0
  },
  "all_md_visited": false,
  "unique_md_visited": 0
}