{
  "run_id": "acs_20260114_115410",
  "steps": 300,
  "battery_wh_end": 4969.113878291832,
  "baseline": "acs",
  "totals": {
    "E_total": 111190.03814940479,
    "E_mov": 91286.2762641485,
    "E_tr": 2672.7862575331915,
    "E_comp": 17230.975627723015,
    "D_total": 33464903890.868214,
    "D_tr": 2672.7862575331915,
    "D_comp": 17948.932945544824,
    "D_q": 72706.88959197268,
    "D_uavq": 33464810562.259445,
    "S": 33464926128.875862,
    "viol_speed": 0,
    "viol_alt": 0,
    "viol_battery": 0,
    "viol_obstacle": 0,
    "viol_att": 0,
    "viol_angrate": 0,
    "viol_rotor": 0
  }
}