{
  "run_id": "acs_20260115_233257",
  "steps": 600,
  "battery_wh_end": 4952.792370554862,
  "baseline": "acs",
  "totals": {
    "E_total": 169947.466002472,
    "E_mov": 130477.33204935702,
    "E_tr": 5119.068209936076,
    "E_comp": 34351.065743178835,
    "D_total": 66672226588.7398,
    "D_tr": 5119.068209936076,
    "D_comp": 35782.36014914462,
    "D_q": 90114.78131839448,
    "D_uavq": 66672095572.53018,
    "S": 66672260578.23301,
    "viol_speed": 0,
    "viol_alt": 15,
    "viol_battery": 0,
    "viol_obstacle": 0,
    "viol_att": 0,
    "viol_angrate": 0,
    "viol_rotor": 0
  },
  "all_md_visited": false,
  "unique_md_visited": 0
}