{
  "run_id": "acs_ds_20260114_121932",
  "steps": 60,
  "battery_wh_end": 4996.967423830137,
  "baseline": "acs_ds",
  "totals": {
    "E_total": 10917.27421151611,
    "E_mov": 8057.495092844227,
    "E_tr": 210.2903014237823,
    "E_comp": 2649.4888172481,
    "D_total": 6482304844.303879,
    "D_tr": 210.2903014237823,
    "D_comp": 5347.143190108246,
    "D_q": 3784.81526138232,
    "D_uavq": 6482295502.055126,
    "S": 6482307027.758722,
    "viol_speed": 0,
    "viol_alt": 0,
    "viol_battery": 0,
    "viol_obstacle": 0,
    "viol_att": 0,
    "viol_angrate": 0,
    "viol_rotor": 0
  }
}