{
  "run_id": "acs_20260114_133515",
  "steps": 120,
  "battery_wh_end": 4934.686732417223,
  "baseline": "acs",
  "totals": {
    "E_total": 235127.76329800312,
    "E_mov": 227350.88508148227,
    "E_tr": 988.9949775683327,
    "E_comp": 6787.883238952505,
    "D_total": 13210354704.84293,
    "D_tr": 988.9949775683327,
    "D_comp": 7070.71170724219,
    "D_q": 16551.064524576792,
    "D_uavq": 13210330094.071722,
    "S": 13210401730.395588,
    "viol_speed": 0,
    "viol_alt": 0,
    "viol_battery": 0,
    "viol_obstacle": 0,
    "viol_att": 0,
    "viol_angrate": 0,
    "viol_rotor": 6
  }
}