{
  "run_id": "acs_20260114_113324",
  "steps": 30,
  "battery_wh_end": 4983.945574133556,
  "baseline": "acs",
  "totals": {
    "E_total": 57795.93311920265,
    "E_mov": 55868.22818468966,
    "E_tr": 226.79491800085506,
    "E_comp": 1700.9100165121388,
    "D_total": 3253787321.387675,
    "D_tr": 226.79491800085506,
    "D_comp": 1771.781267200144,
    "D_q": 1667.1034900232262,
    "D_uavq": 3253783655.708001,
    "S": 3253798880.574299,
    "viol_speed": 0,
    "viol_alt": 0,
    "viol_battery": 0,
    "viol_obstacle": 0,
    "viol_att": 0,
    "viol_angrate": 0,
    "viol_rotor": 3
  }
}