{
  "run_id": "cps_aco_20260114_112449",
  "steps": 20,
  "battery_wh_end": 4999.366483822375,
  "baseline": "cps_aco",
  "totals": {
    "E_total": 2280.6582394523584,
    "E_mov": 1001.1335267597676,
    "E_tr": 150.31938176645372,
    "E_comp": 1129.2053309261375,
    "D_total": 2126964815.2600582,
    "D_tr": 150.31938176645372,
    "D_comp": 1176.2555530480597,
    "D_q": 988.6861268885414,
    "D_uavq": 2126962499.998997,
    "S": 2126965271.3917067,
    "viol_speed": 0,
    "viol_alt": 0,
    "viol_battery": 0,
    "viol_obstacle": 0,
    "viol_att": 0,
    "viol_angrate": 0,
    "viol_rotor": 0
  }
}