{
  "run_id": "ga_sca_20260114_130454",
  "steps": 300,
  "battery_wh_end": 4966.553524598925,
  "baseline": "ga_sca",
  "totals": {
    "E_total": 120407.31144386504,
    "E_mov": 100810.87902006083,
    "E_tr": 2365.456796081783,
    "E_comp": 17230.975627723015,
    "D_total": 33464934972.165283,
    "D_tr": 2365.456796081783,
    "D_comp": 17948.932945544824,
    "D_q": 104095.51610356341,
    "D_uavq": 33464810562.259445,
    "S": 33464959053.6276,
    "viol_speed": 0,
    "viol_alt": 0,
    "viol_battery": 0,
    "viol_obstacle": 192,
    "viol_att": 0,
    "viol_angrate": 0,
    "viol_rotor": 0
  }
}