{
  "run_id": "acs_20260114_122934",
  "steps": 200,
  "battery_wh_end": 4889.86423968611,
  "baseline": "acs",
  "totals": {
    "E_total": 396488.7371299984,
    "E_mov": 383285.9818724471,
    "E_tr": 1753.3173429716132,
    "E_comp": 11449.437914579541,
    "D_total": 22360971841.26706,
    "D_tr": 1753.3173429716132,
    "D_comp": 11926.497827687015,
    "D_q": 45132.260571505896,
    "D_uavq": 22360913029.19133,
    "S": 22361051139.014503,
    "viol_speed": 130,
    "viol_alt": 0,
    "viol_battery": 0,
    "viol_obstacle": 0,
    "viol_att": 0,
    "viol_angrate": 0,
    "viol_rotor": 19
  }
}