{
  "run_id": "acs_ds_20260114_112408",
  "steps": 20,
  "battery_wh_end": 4999.401260792719,
  "baseline": "acs_ds",
  "totals": {
    "E_total": 2155.461146210987,
    "E_mov": 875.8643488567051,
    "E_tr": 150.39146642814438,
    "E_comp": 1129.2053309261375,
    "D_total": 2126965602.4900897,
    "D_tr": 150.39146642814438,
    "D_comp": 1176.2555530480597,
    "D_q": 1775.8440736298421,
    "D_uavq": 2126962499.998997,
    "S": 2126966033.5823193,
    "viol_speed": 0,
    "viol_alt": 0,
    "viol_battery": 0,
    "viol_obstacle": 0,
    "viol_att": 0,
    "viol_angrate": 0,
    "viol_rotor": 0
  }
}