{
  "run_id": "acs_20260114_112407",
  "steps": 20,
  "battery_wh_end": 4999.397450871949,
  "baseline": "acs",
  "totals": {
    "E_total": 2169.1768609863984,
    "E_mov": 889.6238969424323,
    "E_tr": 150.3476331178285,
    "E_comp": 1129.2053309261375,
    "D_total": 2126965283.5994093,
    "D_tr": 150.3476331178285,
    "D_comp": 1176.2555530480597,
    "D_q": 1456.9972265591803,
    "D_uavq": 2126962499.998997,
    "S": 2126965717.434782,
    "viol_speed": 0,
    "viol_alt": 0,
    "viol_battery": 0,
    "viol_obstacle": 0,
    "viol_att": 0,
    "viol_angrate": 0,
    "viol_rotor": 0
  }
}