{
  "run_id": "acs_20260114_142555",
  "steps": 300,
  "battery_wh_end": 4835.27394471358,
  "baseline": "acs",
  "totals": {
    "E_total": 593013.7990311184,
    "E_mov": 573155.3845282561,
    "E_tr": 2627.4388751390115,
    "E_comp": 17230.975627723015,
    "D_total": 33464908754.921234,
    "D_tr": 2627.4388751390115,
    "D_comp": 17948.932945544824,
    "D_q": 77616.28997619037,
    "D_uavq": 33464810562.259445,
    "S": 33465027357.68105,
    "viol_speed": 0,
    "viol_alt": 0,
    "viol_battery": 0,
    "viol_obstacle": 0,
    "viol_att": 0,
    "viol_angrate": 0,
    "viol_rotor": 14
  }
}