{
  "run_id": "acs_20260114_123009",
  "steps": 200,
  "battery_wh_end": 4890.8298178872055,
  "baseline": "acs",
  "totals": {
    "E_total": 393012.65560603124,
    "E_mov": 379812.8412656853,
    "E_tr": 1750.3764257668984,
    "E_comp": 11449.437914579541,
    "D_total": 22360949305.089813,
    "D_tr": 1750.3764257668984,
    "D_comp": 11926.497827687015,
    "D_q": 22599.024224848978,
    "D_uavq": 22360913029.19133,
    "S": 22361027907.62094,
    "viol_speed": 139,
    "viol_alt": 0,
    "viol_battery": 0,
    "viol_obstacle": 35,
    "viol_att": 0,
    "viol_angrate": 0,
    "viol_rotor": 25
  }
}