{
  "run_id": "acs_20260114_112323",
  "steps": 10,
  "battery_wh_end": 4999.7432983495355,
  "baseline": "acs",
  "totals": {
    "E_total": 924.1259416750341,
    "E_mov": 273.9706148162269,
    "E_tr": 77.51227973179999,
    "E_comp": 572.6430471270072,
    "D_total": 1042163190.298084,
    "D_tr": 77.51227973179999,
    "D_comp": 596.5031740906325,
    "D_q": 414.68591688517137,
    "D_uavq": 1042162101.5967132,
    "S": 1042163375.1232722,
    "viol_speed": 0,
    "viol_alt": 0,
    "viol_battery": 0,
    "viol_obstacle": 0,
    "viol_att": 0,
    "viol_angrate": 0,
    "viol_rotor": 0
  }
}