{
  "run_id": "acs_20260114_122902",
  "steps": 200,
  "battery_wh_end": 4889.714509544066,
  "baseline": "acs",
  "totals": {
    "E_total": 397027.7656413503,
    "E_mov": 383823.9130315193,
    "E_tr": 1754.4146952516173,
    "E_comp": 11449.437914579541,
    "D_total": 22361006706.128906,
    "D_tr": 1754.4146952516173,
    "D_comp": 11926.497827687015,
    "D_q": 79996.02505214147,
    "D_uavq": 22360913029.19133,
    "S": 22361086111.68204,
    "viol_speed": 139,
    "viol_alt": 0,
    "viol_battery": 0,
    "viol_obstacle": 0,
    "viol_att": 0,
    "viol_angrate": 0,
    "viol_rotor": 9
  }
}