{
  "run_id": "acs_20260114_142516",
  "steps": 300,
  "battery_wh_end": 4953.8271538226445,
  "baseline": "acs",
  "totals": {
    "E_total": 166222.2462384822,
    "E_mov": 146417.7827196838,
    "E_tr": 2573.487891075302,
    "E_comp": 17230.975627723015,
    "D_total": 33464868871.145943,
    "D_tr": 2573.487891075302,
    "D_comp": 17948.932945544824,
    "D_q": 37786.46567132173,
    "D_uavq": 33464810562.259445,
    "S": 33464902115.59521,
    "viol_speed": 290,
    "viol_alt": 17,
    "viol_battery": 0,
    "viol_obstacle": 0,
    "viol_att": 0,
    "viol_angrate": 0,
    "viol_rotor": 0
  }
}