{
  "run_id": "ga_sca_20260114_102216",
  "steps": 20,
  "battery_wh_end": 4999.206987123627,
  "baseline": "ga_sca",
  "totals": {
    "E_total": 2854.8463549370517,
    "E_mov": 1579.374058316548,
    "E_tr": 146.26696569436592,
    "E_comp": 1129.2053309261375,
    "D_total": 2126964893.8100047,
    "D_tr": 146.26696569436592,
    "D_comp": 1176.2555530480597,
    "D_q": 1071.288488699334,
    "D_uavq": 2126962499.998997,
    "S": 2126965464.7792754,
    "viol_speed": 0,
    "viol_alt": 0,
    "viol_battery": 0,
    "viol_obstacle": 0,
    "viol_att": 0,
    "viol_angrate": 0,
    "viol_rotor": 0
  }
}