{
  "run_id": "acs_20260114_112515",
  "steps": 30,
  "battery_wh_end": 4984.605459462116,
  "baseline": "acs",
  "totals": {
    "E_total": 55420.34593637367,
    "E_mov": 53493.82570954575,
    "E_tr": 225.61021031575885,
    "E_comp": 1700.9100165121388,
    "D_total": 3253788068.3550906,
    "D_tr": 225.61021031575885,
    "D_comp": 1771.781267200144,
    "D_q": 2415.255612553601,
    "D_uavq": 3253783655.708001,
    "S": 3253799152.424278,
    "viol_speed": 4,
    "viol_alt": 0,
    "viol_battery": 0,
    "viol_obstacle": 1,
    "viol_att": 25,
    "viol_angrate": 9,
    "viol_rotor": 30
  }
}