{
  "run_id": "acs_20260114_112855",
  "steps": 30,
  "battery_wh_end": 4982.167099473406,
  "baseline": "acs",
  "totals": {
    "E_total": 64198.441895746066,
    "E_mov": 62272.39826259938,
    "E_tr": 225.13361663454455,
    "E_comp": 1700.9100165121388,
    "D_total": 3253789612.5910125,
    "D_tr": 225.13361663454455,
    "D_comp": 1771.781267200144,
    "D_q": 3959.968128465256,
    "D_uavq": 3253783655.708001,
    "S": 3253802452.279392,
    "viol_speed": 7,
    "viol_alt": 0,
    "viol_battery": 0,
    "viol_obstacle": 1,
    "viol_att": 19,
    "viol_angrate": 21,
    "viol_rotor": 30
  }
}