{
  "run_id": "acs_20260114_111117",
  "steps": 30,
  "battery_wh_end": 4983.735885908235,
  "baseline": "acs",
  "totals": {
    "E_total": 58550.81073035787,
    "E_mov": 56625.85016101095,
    "E_tr": 224.05055283478563,
    "E_comp": 1700.9100165121388,
    "D_total": 3253787507.3019686,
    "D_tr": 224.05055283478563,
    "D_comp": 1771.781267200144,
    "D_q": 1855.7621489380263,
    "D_uavq": 3253783655.708001,
    "S": 3253799217.4641147,
    "viol_speed": 1,
    "viol_alt": 0,
    "viol_battery": 0,
    "viol_obstacle": 1,
    "viol_att": 18,
    "viol_angrate": 0,
    "viol_rotor": 30
  }
}