{
  "run_id": "acs_ds_20260115_222210",
  "steps": 600,
  "battery_wh_end": 4966.630860616887,
  "baseline": "acs_ds",
  "totals": {
    "E_total": 120128.90177920817,
    "E_mov": 80315.8625760508,
    "E_tr": 5461.973459978756,
    "E_comp": 34351.065743178835,
    "D_total": 66672317959.31956,
    "D_tr": 5461.973459978756,
    "D_comp": 35782.36014914462,
    "D_q": 181142.45583354996,
    "D_uavq": 66672095572.53018,
    "S": 66672341985.09993,
    "viol_speed": 0,
    "viol_alt": 0,
    "viol_battery": 0,
    "viol_obstacle": 0,
    "viol_att": 0,
    "viol_angrate": 0,
    "viol_rotor": 0
  }
}