{
  "run_id": "acs_ds_20260114_145424",
  "steps": 200,
  "battery_wh_end": 4986.328810486009,
  "baseline": "acs_ds",
  "totals": {
    "E_total": 49216.28225034293,
    "E_mov": 36039.85857590499,
    "E_tr": 1726.9857598583844,
    "E_comp": 11449.437914579541,
    "D_total": 22360981186.44422,
    "D_tr": 1726.9857598583844,
    "D_comp": 11926.497827687015,
    "D_q": 54503.76930083164,
    "D_uavq": 22360913029.19133,
    "S": 22360991029.700672,
    "viol_speed": 0,
    "viol_alt": 0,
    "viol_battery": 0,
    "viol_obstacle": 0,
    "viol_att": 0,
    "viol_angrate": 0,
    "viol_rotor": 0
  }
}