{
  "run_id": "acs_20260114_113355",
  "steps": 30,
  "battery_wh_end": 4983.943002897421,
  "baseline": "acs",
  "totals": {
    "E_total": 57805.18956927991,
    "E_mov": 55877.454844558764,
    "E_tr": 226.82470820899835,
    "E_comp": 1700.9100165121388,
    "D_total": 3253787347.061311,
    "D_tr": 226.82470820899835,
    "D_comp": 1771.781267200144,
    "D_q": 1692.747335304783,
    "D_uavq": 3253783655.708001,
    "S": 3253798908.099225,
    "viol_speed": 0,
    "viol_alt": 0,
    "viol_battery": 0,
    "viol_obstacle": 0,
    "viol_att": 0,
    "viol_angrate": 0,
    "viol_rotor": 2
  }
}