{
  "run_id": "acs_20260114_113505",
  "steps": 30,
  "battery_wh_end": 4983.945114416943,
  "baseline": "acs",
  "totals": {
    "E_total": 57797.58809899879,
    "E_mov": 55869.856486427816,
    "E_tr": 226.82159605886605,
    "E_comp": 1700.9100165121388,
    "D_total": 3253787344.8485374,
    "D_tr": 226.82159605886605,
    "D_comp": 1771.781267200144,
    "D_q": 1690.5376739295168,
    "D_uavq": 3253783655.708001,
    "S": 3253798904.366157,
    "viol_speed": 0,
    "viol_alt": 0,
    "viol_battery": 0,
    "viol_obstacle": 0,
    "viol_att": 0,
    "viol_angrate": 0,
    "viol_rotor": 2
  }
}