{
  "run_id": "td3_20260114_130923",
  "steps": 300,
  "battery_wh_end": 4955.921920077057,
  "baseline": "td3",
  "totals": {
    "E_total": 158681.08772257742,
    "E_mov": 138674.44192076303,
    "E_tr": 2775.6701740913313,
    "E_comp": 17230.975627723015,
    "D_total": 33464881211.004482,
    "D_tr": 2775.6701740913313,
    "D_comp": 17948.932945544824,
    "D_q": 49924.14191639755,
    "D_uavq": 33464810562.259445,
    "S": 33464912947.22201,
    "viol_speed": 0,
    "viol_alt": 25,
    "viol_battery": 0,
    "viol_obstacle": 0,
    "viol_att": 0,
    "viol_angrate": 0,
    "viol_rotor": 0
  }
}