{
  "run_id": "td3_20260114_111155",
  "steps": 20,
  "battery_wh_end": 4999.2013333075,
  "baseline": "td3",
  "totals": {
    "E_total": 2875.2000929953315,
    "E_mov": 1599.8399999999997,
    "E_tr": 146.15476206919456,
    "E_comp": 1129.2053309261375,
    "D_total": 2126964964.5406165,
    "D_tr": 146.15476206919456,
    "D_comp": 1176.2555530480597,
    "D_q": 1142.1313042159998,
    "D_uavq": 2126962499.998997,
    "S": 2126965539.5806348,
    "viol_speed": 0,
    "viol_alt": 0,
    "viol_battery": 0,
    "viol_obstacle": 0,
    "viol_att": 0,
    "viol_angrate": 0,
    "viol_rotor": 0
  }
}