{
  "run_id": "acs_20260114_112956",
  "steps": 30,
  "battery_wh_end": 4982.320556662061,
  "baseline": "acs",
  "totals": {
    "E_total": 63645.99601657298,
    "E_mov": 61719.97654414188,
    "E_tr": 225.10945591897462,
    "E_comp": 1700.9100165121388,
    "D_total": 3253791552.0833845,
    "D_tr": 225.10945591897462,
    "D_comp": 1771.781267200144,
    "D_q": 5899.484661318489,
    "D_uavq": 3253783655.708001,
    "S": 3253804281.2825875,
    "viol_speed": 8,
    "viol_alt": 0,
    "viol_battery": 0,
    "viol_obstacle": 1,
    "viol_att": 21,
    "viol_angrate": 13,
    "viol_rotor": 29
  }
}