{
  "run_id": "acs_20260114_111923",
  "steps": 30,
  "battery_wh_end": 4983.750911563885,
  "baseline": "acs",
  "totals": {
    "E_total": 58496.71837000913,
    "E_mov": 56572.09725407385,
    "E_tr": 223.71109942310315,
    "E_comp": 1700.9100165121388,
    "D_total": 3253790678.3886456,
    "D_tr": 223.71109942310315,
    "D_comp": 1771.781267200144,
    "D_q": 5027.188279192341,
    "D_uavq": 3253783655.708001,
    "S": 3253802377.732321,
    "viol_speed": 0,
    "viol_alt": 0,
    "viol_battery": 0,
    "viol_obstacle": 0,
    "viol_att": 15,
    "viol_angrate": 0,
    "viol_rotor": 30
  }
}