{
  "run_id": "acs_20260114_112702",
  "steps": 30,
  "battery_wh_end": 4983.945425171241,
  "baseline": "acs",
  "totals": {
    "E_total": 57796.46938353992,
    "E_mov": 55868.689860864804,
    "E_tr": 226.86950616299364,
    "E_comp": 1700.9100165121388,
    "D_total": 3253787397.245936,
    "D_tr": 226.86950616299364,
    "D_comp": 1771.781267200144,
    "D_q": 1742.8871623187802,
    "D_uavq": 3253783655.708001,
    "S": 3253798956.539812,
    "viol_speed": 0,
    "viol_alt": 0,
    "viol_battery": 0,
    "viol_obstacle": 0,
    "viol_att": 0,
    "viol_angrate": 0,
    "viol_rotor": 0
  }
}