{
  "run_id": "acs_20260115_221544",
  "steps": 10,
  "battery_wh_end": 4999.747645871798,
  "baseline": "acs",
  "totals": {
    "E_total": 908.4748615235169,
    "E_mov": 258.8509379133076,
    "E_tr": 76.98087648320218,
    "E_comp": 572.6430471270072,
    "D_total": 1042163159.8471721,
    "D_tr": 76.98087648320218,
    "D_comp": 596.5031740906325,
    "D_q": 384.7664083094989,
    "D_uavq": 1042162101.5967132,
    "S": 1042163341.5421445,
    "viol_speed": 0,
    "viol_alt": 0,
    "viol_battery": 0,
    "viol_obstacle": 0,
    "viol_att": 0,
    "viol_angrate": 0,
    "viol_rotor": 0
  }
}