{
  "run_id": "acs_20260114_113158",
  "steps": 30,
  "battery_wh_end": 4982.366300111899,
  "baseline": "acs",
  "totals": {
    "E_total": 63481.31959717114,
    "E_mov": 61555.290227716076,
    "E_tr": 225.1193529429289,
    "E_comp": 1700.9100165121388,
    "D_total": 3253789970.827077,
    "D_tr": 225.1193529429289,
    "D_comp": 1771.781267200144,
    "D_q": 4318.218456964739,
    "D_uavq": 3253783655.708001,
    "S": 3253802667.0909967,
    "viol_speed": 3,
    "viol_alt": 0,
    "viol_battery": 0,
    "viol_obstacle": 1,
    "viol_att": 21,
    "viol_angrate": 19,
    "viol_rotor": 30
  }
}