{
  "run_id": "acs_20260114_112721",
  "steps": 30,
  "battery_wh_end": 4982.332039973739,
  "baseline": "acs",
  "totals": {
    "E_total": 63604.65609454432,
    "E_mov": 61678.28267050498,
    "E_tr": 225.46340752718638,
    "E_comp": 1700.9100165121388,
    "D_total": 3253789120.1236296,
    "D_tr": 225.46340752718638,
    "D_comp": 1771.781267200144,
    "D_q": 3467.1709546671714,
    "D_uavq": 3253783655.708001,
    "S": 3253801841.054848,
    "viol_speed": 0,
    "viol_alt": 0,
    "viol_battery": 0,
    "viol_obstacle": 0,
    "viol_att": 17,
    "viol_angrate": 0,
    "viol_rotor": 29
  }
}