{
  "run_id": "acs_20260114_142714",
  "steps": 300,
  "battery_wh_end": 4985.697795507378,
  "baseline": "acs",
  "totals": {
    "E_total": 51487.93617346398,
    "E_mov": 31630.38782163611,
    "E_tr": 2626.5727241048953,
    "E_comp": 17230.975627723015,
    "D_total": 33464881133.034,
    "D_tr": 2626.5727241048953,
    "D_comp": 17948.932945544824,
    "D_q": 49995.26891004822,
    "D_uavq": 33464810562.259445,
    "S": 33464891430.621258,
    "viol_speed": 0,
    "viol_alt": 0,
    "viol_battery": 0,
    "viol_obstacle": 0,
    "viol_att": 0,
    "viol_angrate": 0,
    "viol_rotor": 0
  }
}