{
  "run_id": "acs_20260114_113537",
  "steps": 30,
  "battery_wh_end": 4983.940823973091,
  "baseline": "acs",
  "totals": {
    "E_total": 57813.03369687117,
    "E_mov": 55885.282581640946,
    "E_tr": 226.84109871811174,
    "E_comp": 1700.9100165121388,
    "D_total": 3253787363.285404,
    "D_tr": 226.84109871811174,
    "D_comp": 1771.781267200144,
    "D_q": 1708.955038346188,
    "D_uavq": 3253783655.708001,
    "S": 3253798925.8921432,
    "viol_speed": 0,
    "viol_alt": 0,
    "viol_battery": 0,
    "viol_obstacle": 0,
    "viol_att": 0,
    "viol_angrate": 0,
    "viol_rotor": 2
  }
}