{
  "run_id": "acs_20260114_132737",
  "steps": 600,
  "battery_wh_end": 4952.193986593104,
  "baseline": "acs",
  "totals": {
    "E_total": 172101.6482648161,
    "E_mov": 132269.60914524368,
    "E_tr": 5480.973376393191,
    "E_comp": 34351.065743178835,
    "D_total": 66672214392.56889,
    "D_tr": 5480.973376393191,
    "D_comp": 35782.36014914462,
    "D_q": 77556.70518617531,
    "D_uavq": 66672095572.53018,
    "S": 66672248812.89847,
    "viol_speed": 0,
    "viol_alt": 0,
    "viol_battery": 0,
    "viol_obstacle": 0,
    "viol_att": 0,
    "viol_angrate": 0,
    "viol_rotor": 0
  }
}