{
  "run_id": "cps_aco_20260114_115810",
  "steps": 300,
  "battery_wh_end": 4991.756423424232,
  "baseline": "cps_aco",
  "totals": {
    "E_total": 29676.875672721362,
    "E_mov": 10086.943649427181,
    "E_tr": 2358.956395571188,
    "E_comp": 17230.975627723015,
    "D_total": 33464874397.706726,
    "D_tr": 2358.956395571188,
    "D_comp": 17948.932945544824,
    "D_q": 43527.557935615616,
    "D_uavq": 33464810562.259445,
    "S": 33464880333.081844,
    "viol_speed": 0,
    "viol_alt": 0,
    "viol_battery": 0,
    "viol_obstacle": 0,
    "viol_att": 0,
    "viol_angrate": 0,
    "viol_rotor": 0
  }
}